Size,Load Time (s),Aug Time (s),Memory (MB)
64,0.000882,0.000453,0.05
128,0.001585,0.000455,0.19
224,0.001621,0.002251,0.57
512,0.003904,0.012152,3.00
